Title,Filename,URL,Unique Downloads,Total Downloads
MVP_Show_Episode_233_Ee_Lane_Yu.mp3,MVP_Show_Episode_233_Ee_Lane_Yu.mp3,/nz365guy/MVP_Show_Episode_233_Ee_Lane_Yu.mp3,0,3
Power_Platform_Show_Episode_230_Ben_Hosking.mp3,Power_Platform_Show_Episode_230_Ben_Hosking.mp3,/nz365guy/Power_Platform_Show_Episode_230_Ben_Hosking.mp3,216,352
Power_Platform_Show_Episode_226_Joe_Griffin.mp3,Power_Platform_Show_Episode_226_Joe_Griffin.mp3,http://media.blubrry.com/nz365guy/content.blubrry.com/nz365guy/Power_Platform_Show_Episode_226_Joe_Griffin.mp3,235,424
MVP_Show_Episode_227_Joel_Leichty.mp3,MVP_Show_Episode_227_Joel_Leichty.mp3,http://content.blubrry.com/nz365guy/MVP_Show_Episode_227_Joel_Leichty.mp3,0,1
MVP_Show_Episode_225_Sahan_Wijayasekera.mp3,MVP_Show_Episode_225_Sahan_Wijayasekera.mp3,http://content.blubrry.com/nz365guy/MVP_Show_Episode_225_Sahan_Wijayasekera.mp3,157,219
MVP_Show_Episode_223_Andrew_Butenko.mp3,MVP_Show_Episode_223_Andrew_Butenko.mp3,http://content.blubrry.com/nz365guy/MVP_Show_Episode_223_Andrew_Butenko.mp3,226,338
Power_Platform_Show_Episode_222_Wim_Geukens.mp3,Power_Platform_Show_Episode_222_Wim_Geukens.mp3,http://content.blubrry.com/nz365guy/Power_Platform_Show_Episode_222_Wim_Geukens.mp3,259,431
Power_Platform_Show_Episode_218_Mohammad_Alkhawaja.mp3,Power_Platform_Show_Episode_218_Mohammad_Alkhawaja.mp3,http://content.blubrry.com/nz365guy/Power_Platform_Show_Episode_218_Mohammad_Alkhawaja.mp3,264,409
Power_365_Show_Episode_216_Alysa_Taylor.mp3,Power_365_Show_Episode_216_Alysa_Taylor.mp3,http://content.blubrry.com/nz365guy/Power_365_Show_Episode_216_Alysa_Taylor.mp3,276,474
Power_Platform_Show_Episode_214_Lauren_Taylor.mp3,Power_Platform_Show_Episode_214_Lauren_Taylor.mp3,http://content.blubrry.com/nz365guy/Power_Platform_Show_Episode_214_Lauren_Taylor.mp3,268,479
MVP_Show_Episode_221_Guz_Gonzales.mp3,MVP_Show_Episode_221_Guz_Gonzales.mp3,http://content.blubrry.com/nz365guy/MVP_Show_Episode_221_Guz_Gonzales.mp3,253,381
MVP_Show_Episode_219_Tobias_Fenster.mp3,MVP_Show_Episode_219_Tobias_Fenster.mp3,http://content.blubrry.com/nz365guy/MVP_Show_Episode_219_Tobias_Fenster.mp3,282,447
MVP_Show_Episode_217_Renato_Fajdiga.mp3,MVP_Show_Episode_217_Renato_Fajdiga.mp3,http://content.blubrry.com/nz365guy/MVP_Show_Episode_217_Renato_Fajdiga.mp3,262,395
Power_365_Show_Episode_212_Sangya_Singh.mp3,Power_365_Show_Episode_212_Sangya_Singh.mp3,http://content.blubrry.com/nz365guy/Power_365_Show_Episode_212_Sangya_Singh.mp3,254,423
MVP_Show_Episode_215_Deepak_Agarwal.mp3,MVP_Show_Episode_215_Deepak_Agarwal.mp3,http://media.blubrry.com/nz365guy/content.blubrry.com/nz365guy/MVP_Show_Episode_215_Deepak_Agarwal.mp3,261,511
MVP_Show_Episode_213_Steven_Renders.mp3,MVP_Show_Episode_213_Steven_Renders.mp3,http://content.blubrry.com/nz365guy/MVP_Show_Episode_213_Steven_Renders.mp3,262,383
Power_Platform_Show_Episode_210_Dux_Raymond_Sy.mp3,Power_Platform_Show_Episode_210_Dux_Raymond_Sy.mp3,http://content.blubrry.com/nz365guy/Power_Platform_Show_Episode_210_Dux_Raymond_Sy.mp3,272,447
Power_365_Show_Episode_208_Muhammad_Alam.mp3,Power_365_Show_Episode_208_Muhammad_Alam.mp3,http://content.blubrry.com/nz365guy/Power_365_Show_Episode_208_Muhammad_Alam.mp3,284,469
Power_365_Show_Episode_204_Sunay_Vaishnav.mp3,Power_365_Show_Episode_204_Sunay_Vaishnav.mp3,http://content.blubrry.com/nz365guy/Power_365_Show_Episode_204_Sunay_Vaishnav.mp3,301,548
MVP_Show_Episode_211_Stefano_Demiliani.mp3,MVP_Show_Episode_211_Stefano_Demiliani.mp3,http://content.blubrry.com/nz365guy/MVP_Show_Episode_211_Stefano_Demiliani.mp3,268,439
MVP_Show_Episode_209_Jeevarajan_Kumar.mp3,MVP_Show_Episode_209_Jeevarajan_Kumar.mp3,http://content.blubrry.com/nz365guy/MVP_Show_Episode_209_Jeevarajan_Kumar.mp3,263,455
MVP_Show_Episode_207_Tatiana_Pupko.mp3,MVP_Show_Episode_207_Tatiana_Pupko.mp3,http://content.blubrry.com/nz365guy/MVP_Show_Episode_207_Tatiana_Pupko.mp3,282,421
MVP_Show_Episode_205_Stefan_Strube.mp3,MVP_Show_Episode_205_Stefan_Strube.mp3,http://content.blubrry.com/nz365guy/MVP_Show_Episode_205_Stefan_Strube.mp3,284,439
Power_Platfrom_Show_Episode_206_Robbie_Baxter.mp3,Power_Platfrom_Show_Episode_206_Robbie_Baxter.mp3,http://content.blubrry.com/nz365guy/Power_Platfrom_Show_Episode_206_Robbie_Baxter.mp3,279,405
Power_365_Show_Episode_200_Stuart_Ridout.mp3,Power_365_Show_Episode_200_Stuart_Ridout.mp3,http://content.blubrry.com/nz365guy/Power_365_Show_Episode_200_Stuart_Ridout.mp3,335,596
MVP_Show_Episode_203_Tomasz_Poszytek.mp3,MVP_Show_Episode_203_Tomasz_Poszytek.mp3,http://content.blubrry.com/nz365guy/MVP_Show_Episode_203_Tomasz_Poszytek.mp3,294,441
MVP_Show_Episode_201_Sukrut_Parab.mp3,MVP_Show_Episode_201_Sukrut_Parab.mp3,http://content.blubrry.com/nz365guy/MVP_Show_Episode_201_Sukrut_Parab.mp3,303,488
Power_365_Show_Episode_196_Srikumar_Nair.mp3,Power_365_Show_Episode_196_Srikumar_Nair.mp3,http://media.blubrry.com/nz365guy/content.blubrry.com/nz365guy/Power_365_Show_Episode_196_Srikumar_Nair.mp3,313,605
MVP_Show_Episode_199_Andre_Arnaud_de_Calavon.mp3,MVP_Show_Episode_199_Andre_Arnaud_de_Calavon.mp3,http://media.blubrry.com/nz365guy/content.blubrry.com/nz365guy/MVP_Show_Episode_199_Andre_Arnaud_de_Calavon.mp3,318,506
Power_365_Show_Episode_192_Amit_Sivan.mp3,Power_365_Show_Episode_192_Amit_Sivan.mp3,http://media.blubrry.com/nz365guy/content.blubrry.com/nz365guy/Power_365_Show_Episode_192_Amit_Sivan.mp3,297,510
MVP_Show_Episode_197_Mohammad_Reza_Dorrani.mp3,MVP_Show_Episode_197_Mohammad_Reza_Dorrani.mp3,http://content.blubrry.com/nz365guy/MVP_Show_Episode_197_Mohammad_Reza_Dorrani.mp3,278,433
Power_Platform_Show_Episode_198_Brad_Koontz.mp3,Power_Platform_Show_Episode_198_Brad_Koontz.mp3,http://content.blubrry.com/nz365guy/Power_Platform_Show_Episode_198_Brad_Koontz.mp3,286,470
Power_Platform_Show_Episode_202_Emma_D_Arcy.mp3,Power_Platform_Show_Episode_202_Emma_D_Arcy.mp3,http://content.blubrry.com/nz365guy/Power_Platform_Show_Episode_202_Emma_D_Arcy.mp3,295,467
Power_365_Show_Episode_188_Greg_Hurlman.mp3,Power_365_Show_Episode_188_Greg_Hurlman.mp3,http://content.blubrry.com/nz365guy/Power_365_Show_Episode_188_Greg_Hurlman.mp3,323,581
MVP_Show_Episode_195_Kelly_Kane.mp3,MVP_Show_Episode_195_Kelly_Kane.mp3,http://content.blubrry.com/nz365guy/MVP_Show_Episode_195_Kelly_Kane.mp3,298,448
MVP_Show_Episode_193_Justin_Carter.mp3,MVP_Show_Episode_193_Justin_Carter.mp3,http://content.blubrry.com/nz365guy/MVP_Show_Episode_193_Justin_Carter.mp3,302,460
MVP_Show_Episode_191_Dr_Ludwig_Reinhard.mp3,MVP_Show_Episode_191_Dr_Ludwig_Reinhard.mp3,http://media.blubrry.com/nz365guy/content.blubrry.com/nz365guy/MVP_Show_Episode_191_Dr_Ludwig_Reinhard.mp3,317,511
Power_365_Show_Episode_184_Maya_Dumesh.mp3,Power_365_Show_Episode_184_Maya_Dumesh.mp3,http://content.blubrry.com/nz365guy/Power_365_Show_Episode_184_Maya_Dumesh.mp3,312,554
MVP_Show_Episode_189_Rebekka_Aalbers.mp3,MVP_Show_Episode_189_Rebekka_Aalbers.mp3,http://content.blubrry.com/nz365guy/MVP_Show_Episode_189_Rebekka_Aalbers.mp3,317,505
MVP_Show_Episode_189_Rebecca_Aalbers.mp3,MVP_Show_Episode_189_Rebecca_Aalbers.mp3,http://content.blubrry.com/nz365guy/MVP_Show_Episode_189_Rebecca_Aalbers.mp3,0,2
Power_Platform_Show_Episode_194_Paddy_Byrne.mp3,Power_Platform_Show_Episode_194_Paddy_Byrne.mp3,http://content.blubrry.com/nz365guy/Power_Platform_Show_Episode_194_Paddy_Byrne.mp3,319,566
MVP_Show_Episode_187_Andrew_Welch.mp3,MVP_Show_Episode_187_Andrew_Welch.mp3,http://content.blubrry.com/nz365guy/MVP_Show_Episode_187_Andrew_Welch.mp3,329,528
Power_Platform_Show_Episode_186_Hamish_Shield.mp3,Power_Platform_Show_Episode_186_Hamish_Shield.mp3,http://content.blubrry.com/nz365guy/Power_Platform_Show_Episode_186_Hamish_Shield.mp3,332,603
Power_Platform_Show_Episode_190_Chuck_Ingram.mp3,Power_Platform_Show_Episode_190_Chuck_Ingram.mp3,http://content.blubrry.com/nz365guy/Power_Platform_Show_Episode_190_Chuck_Ingram.mp3,317,560
MVP_Show_Episode_185_Eickhel_Mendoza.mp3,MVP_Show_Episode_185_Eickhel_Mendoza.mp3,http://content.blubrry.com/nz365guy/MVP_Show_Episode_185_Eickhel_Mendoza.mp3,326,505
MVP_Show_Episode_183_Ed_Gonzales.mp3,MVP_Show_Episode_183_Ed_Gonzales.mp3,http://content.blubrry.com/nz365guy/MVP_Show_Episode_183_Ed_Gonzales.mp3,317,482
Power_Platform_Show_Episode_182_Kevin_Francis.mp3,Power_Platform_Show_Episode_182_Kevin_Francis.mp3,http://content.blubrry.com/nz365guy/Power_Platform_Show_Episode_182_Kevin_Francis.mp3,326,487
Power_365_Show_Episode_180_Janet_Robb.mp3,Power_365_Show_Episode_180_Janet_Robb.mp3,http://content.blubrry.com/nz365guy/Power_365_Show_Episode_180_Janet_Robb.mp3,363,665
MVP_Show_Episode_179_James_Crowter.mp3,MVP_Show_Episode_179_James_Crowter.mp3,http://media.blubrry.com/nz365guy/content.blubrry.com/nz365guy/MVP_Show_Episode_179_James_Crowter.mp3,380,577
MVP_Show_Episode_181_Alex_Meyer.mp3,MVP_Show_Episode_181_Alex_Meyer.mp3,http://content.blubrry.com/nz365guy/MVP_Show_Episode_181_Alex_Meyer.mp3,342,502
Power_Platform_Show_Episode_178_Vicky_Rodgers.mp3,Power_Platform_Show_Episode_178_Vicky_Rodgers.mp3,http://content.blubrry.com/nz365guy/Power_Platform_Show_Episode_178_Vicky_Rodgers.mp3,361,644
MVP_Show_Episode_177_Andrey_Baludin.mp3,MVP_Show_Episode_177_Andrey_Baludin.mp3,http://media.blubrry.com/nz365guy/content.blubrry.com/nz365guy/MVP_Show_Episode_177_Andrey_Baludin.mp3,363,560
Power_365_Show_Episode_176_Ashvini_Sharma.mp3,Power_365_Show_Episode_176_Ashvini_Sharma.mp3,http://media.blubrry.com/nz365guy/content.blubrry.com/nz365guy/Power_365_Show_Episode_176_Ashvini_Sharma.mp3,378,703
MVP_Show_Episode_175_Aaron_Back.mp3,MVP_Show_Episode_175_Aaron_Back.mp3,http://content.blubrry.com/nz365guy/MVP_Show_Episode_175_Aaron_Back.mp3,344,549
Power_Platform_Show_Episode_174_David_Kohar.mp3,Power_Platform_Show_Episode_174_David_Kohar.mp3,http://content.blubrry.com/nz365guy/Power_Platform_Show_Episode_174_David_Kohar.mp3,388,721
Power_365_Show_Episode_170_Satish_Thomas.mp3,Power_365_Show_Episode_170_Satish_Thomas.mp3,http://content.blubrry.com/nz365guy/Power_365_Show_Episode_170_Satish_Thomas.mp3,355,668
MVP_Show_Episode_173_Colin_Vermander.mp3,MVP_Show_Episode_173_Colin_Vermander.mp3,http://content.blubrry.com/nz365guy/MVP_Show_Episode_173_Colin_Vermander.mp3,353,566
Power_Platfrom_Show_Episode_172_Eric_Mckinney.mp3,Power_Platfrom_Show_Episode_172_Eric_Mckinney.mp3,http://media.blubrry.com/nz365guy/content.blubrry.com/nz365guy/Power_Platfrom_Show_Episode_172_Eric_Mckinney.mp3,367,683
MVP_Show_Episode_171_Steven_Weaver.mp3,MVP_Show_Episode_171_Steven_Weaver.mp3,http://media.blubrry.com/nz365guy/content.blubrry.com/nz365guy/MVP_Show_Episode_171_Steven_Weaver.mp3,343,514
Power_Platform_Show_Episode_168_David_Gersten.mp3,Power_Platform_Show_Episode_168_David_Gersten.mp3,http://content.blubrry.com/nz365guy/Power_Platform_Show_Episode_168_David_Gersten.mp3,355,665
MVP_Show_Episode_169_Kunal_Tripathy.mp3,MVP_Show_Episode_169_Kunal_Tripathy.mp3,http://content.blubrry.com/nz365guy/MVP_Show_Episode_169_Kunal_Tripathy.mp3,346,548
MVP_Show_Episode_167_Aung_Khaing.mp3,MVP_Show_Episode_167_Aung_Khaing.mp3,http://content.blubrry.com/nz365guy/MVP_Show_Episode_167_Aung_Khaing.mp3,356,666
Power_365_Show_Episode_166_Michael_Vakoc.mp3,Power_365_Show_Episode_166_Michael_Vakoc.mp3,http://content.blubrry.com/nz365guy/Power_365_Show_Episode_166_Michael_Vakoc.mp3,369,701
Power_Platform_Show_Episode_164_Peter_Linke.mp3,Power_Platform_Show_Episode_164_Peter_Linke.mp3,http://content.blubrry.com/nz365guy/Power_Platform_Show_Episode_164_Peter_Linke.mp3,338,596
MVP_Show_Episode_165_Nicholas_Hayduk.mp3,MVP_Show_Episode_165_Nicholas_Hayduk.mp3,http://media.blubrry.com/nz365guy/content.blubrry.com/nz365guy/MVP_Show_Episode_165_Nicholas_Hayduk.mp3,330,528
MVP_Show_Episode_163_Olena_Grischendo.mp3,MVP_Show_Episode_163_Olena_Grischendo.mp3,http://media.blubrry.com/nz365guy/content.blubrry.com/nz365guy/MVP_Show_Episode_163_Olena_Grischendo.mp3,350,570
Hayden_Stafford_on_the_Power_365_Show.mp3,Hayden_Stafford_on_the_Power_365_Show.mp3,http://content.blubrry.com/nz365guy/Hayden_Stafford_on_the_Power_365_Show.mp3,357,739
Power_Platform_Show_Episode_160_Simon_Owen.mp3,Power_Platform_Show_Episode_160_Simon_Owen.mp3,http://content.blubrry.com/nz365guy/Power_Platform_Show_Episode_160_Simon_Owen.mp3,367,714
Power_365_Show_Episode_152_Judd_Salisbury_1.mp3,Power_365_Show_Episode_152_Judd_Salisbury_1.mp3,http://content.blubrry.com/nz365guy/Power_365_Show_Episode_152_Judd_Salisbury_1.mp3,322,467
MVP_Show_Episode_161_Beth_Burrell.mp3,MVP_Show_Episode_161_Beth_Burrell.mp3,http://content.blubrry.com/nz365guy/MVP_Show_Episode_161_Beth_Burrell.mp3,338,564
Mvp_Show_Episode_159_Kylie_Kiser.mp3,Mvp_Show_Episode_159_Kylie_Kiser.mp3,http://content.blubrry.com/nz365guy/Mvp_Show_Episode_159_Kylie_Kiser.mp3,306,471
MVP_Show_Episode_157_Paul_O_Flaherty.mp3,MVP_Show_Episode_157_Paul_O_Flaherty.mp3,http://content.blubrry.com/nz365guy/MVP_Show_Episode_157_Paul_O_Flaherty.mp3,343,483
Power_365_Show_Episode_156_Audrie_Gordon.mp3,Power_365_Show_Episode_156_Audrie_Gordon.mp3,http://content.blubrry.com/nz365guy/Power_365_Show_Episode_156_Audrie_Gordon.mp3,369,648
Power_Platform_Show_Episode_154_Beth_Burell.mp3,Power_Platform_Show_Episode_154_Beth_Burell.mp3,http://content.blubrry.com/nz365guy/Power_Platform_Show_Episode_154_Beth_Burell.mp3,317,502
Power_365_Show_Episode_158_John_Gravely.mp3,Power_365_Show_Episode_158_John_Gravely.mp3,http://Power_365_Show_Episode_158_John_Gravely.mp3,219,246
MVP_Show_Episode_155_Joel_Lindstrom.mp3,MVP_Show_Episode_155_Joel_Lindstrom.mp3,http://content.blubrry.com/nz365guy/MVP_Show_Episode_155_Joel_Lindstrom.mp3,325,529
MVP_Show_Episode_153_Antonio_Gilabert.mp3,MVP_Show_Episode_153_Antonio_Gilabert.mp3,http://content.blubrry.com/nz365guy/MVP_Show_Episode_153_Antonio_Gilabert.mp3,345,566
MVP_SHow_Episode_151_Leon_Tribe.mp3,MVP_SHow_Episode_151_Leon_Tribe.mp3,http://media.blubrry.com/nz365guy/content.blubrry.com/nz365guy/MVP_SHow_Episode_151_Leon_Tribe.mp3,316,484
Power_Platform_Show_Episode_150_Anton_Sj_stedt_and_Johan_Adenmark.mp3,Power_Platform_Show_Episode_150_Anton_Sj_stedt_and_Johan_Adenmark.mp3,http://media.blubrry.com/nz365guy/content.blubrry.com/nz365guy/Power_Platform_Show_Episode_150_Anton_Sj_stedt_and_Johan_Adenmark.mp3,319,544
Ewan_Dalton_on_the_Power_365_Show.mp3,Ewan_Dalton_on_the_Power_365_Show.mp3,http://content.blubrry.com/nz365guy/Ewan_Dalton_on_the_Power_365_Show.mp3,321,534
MVP_Show_Episode_149_Ivan_Ficko.mp3,MVP_Show_Episode_149_Ivan_Ficko.mp3,http://content.blubrry.com/nz365guy/MVP_Show_Episode_149_Ivan_Ficko.mp3,335,534
Episode_147_Christopher_Cognetta.mp3,Episode_147_Christopher_Cognetta.mp3,http://media.blubrry.com/nz365guy/content.blubrry.com/nz365guy/Episode_147_Christopher_Cognetta.mp3,334,567
Dynamics_365_Show_Episode_146_Kathrine_Hogseth.mp3,Dynamics_365_Show_Episode_146_Kathrine_Hogseth.mp3,http://media.blubrry.com/nz365guy/content.blubrry.com/nz365guy/Dynamics_365_Show_Episode_146_Kathrine_Hogseth.mp3,344,601
Daniel_Hunter_Jeff_Hall_and_Rob_Nehrbas_on_the_Power_365_Show.mp3,Daniel_Hunter_Jeff_Hall_and_Rob_Nehrbas_on_the_Power_365_Show.mp3,http://content.blubrry.com/nz365guy/Daniel_Hunter_Jeff_Hall_and_Rob_Nehrbas_on_the_Power_365_Show.mp3,327,585
Dynamics_365_Practice_Show_Episode_142_Aaron_Elder.mp3,Dynamics_365_Practice_Show_Episode_142_Aaron_Elder.mp3,http://content.blubrry.com/nz365guy/Dynamics_365_Practice_Show_Episode_142_Aaron_Elder.mp3,319,600
MVP_Show_Episode_145_Vivek_Bavishi.mp3,MVP_Show_Episode_145_Vivek_Bavishi.mp3,http://content.blubrry.com/nz365guy/MVP_Show_Episode_145_Vivek_Bavishi.mp3,346,614
MVP_Show_Episode_143_Shawn_Tabor.mp3,MVP_Show_Episode_143_Shawn_Tabor.mp3,http://content.blubrry.com/nz365guy/MVP_Show_Episode_143_Shawn_Tabor.mp3,347,558
Power_365_Show_Episode_140_Dileep_Singh.mp3,Power_365_Show_Episode_140_Dileep_Singh.mp3,http://content.blubrry.com/nz365guy/Power_365_Show_Episode_140_Dileep_Singh.mp3,366,748
Episode_141_Sergio_Macias.mp3,Episode_141_Sergio_Macias.mp3,http://media.blubrry.com/nz365guy/content.blubrry.com/nz365guy/Episode_141_Sergio_Macias.mp3,340,526
Episode_139_Megan_V_Walker.mp3,Episode_139_Megan_V_Walker.mp3,http://content.blubrry.com/nz365guy/Episode_139_Megan_V_Walker.mp3,327,562
Episode_137_Malin_Donoso_Martnes.mp3,Episode_137_Malin_Donoso_Martnes.mp3,http://content.blubrry.com/nz365guy/Episode_137_Malin_Donoso_Martnes.mp3,307,523
Power_365_Show_Episode_136_Sameer_Bhangar_and_Saurabh_Pant.mp3,Power_365_Show_Episode_136_Sameer_Bhangar_and_Saurabh_Pant.mp3,http://Power_365_Show_Episode_136_Sameer_Bhangar_and_Saurabh_Pant.mp3,359,422
Dynamics_365_Episode_134_Lucy_Muscat.mp3,Dynamics_365_Episode_134_Lucy_Muscat.mp3,http://content.blubrry.com/nz365guy/Dynamics_365_Episode_134_Lucy_Muscat.mp3,305,617
MVP_Show_Episode_135_Jason_Cosman.mp3,MVP_Show_Episode_135_Jason_Cosman.mp3,http://media.blubrry.com/nz365guy/content.blubrry.com/nz365guy/MVP_Show_Episode_135_Jason_Cosman.mp3,307,554
Dynamics_365_Episode_138_Jackie_Simens.mp3,Dynamics_365_Episode_138_Jackie_Simens.mp3,http://media.blubrry.com/nz365guy/content.blubrry.com/nz365guy/Dynamics_365_Episode_138_Jackie_Simens.mp3,315,575
MVP_Show_Episode_133_Sara_Lagerquist.mp3,MVP_Show_Episode_133_Sara_Lagerquist.mp3,/nz365guy/MVP_Show_Episode_133_Sara_Lagerquist.mp3,273,525
Power_365_Show_Episode_132_James_Oleinik.mp3,Power_365_Show_Episode_132_James_Oleinik.mp3,http://media.blubrry.com/nz365guy/content.blubrry.com/nz365guy/Power_365_Show_Episode_132_James_Oleinik.mp3,279,614
Dynamics_365_Show_Episode_130_Sug_Sahadevan.mp3,Dynamics_365_Show_Episode_130_Sug_Sahadevan.mp3,/nz365guy/Dynamics_365_Show_Episode_130_Sug_Sahadevan.mp3,251,557
Jon_Levesque_on_the_Power_365_Show.mp3,Jon_Levesque_on_the_Power_365_Show.mp3,/nz365guy/Jon_Levesque_on_the_Power_365_Show.mp3,296,717
MVP_Show_Episode_131_Jukka_Niiranen.mp3,MVP_Show_Episode_131_Jukka_Niiranen.mp3,/nz365guy/MVP_Show_Episode_131_Jukka_Niiranen.mp3,262,578
Episode_129_Abraham_Saldana.mp3,Episode_129_Abraham_Saldana.mp3,/nz365guy/Episode_129_Abraham_Saldana.mp3,255,524
Dynamics_365_Show_Episode_126_Dani_Kahil.mp3,Dynamics_365_Show_Episode_126_Dani_Kahil.mp3,/nz365guy/Dynamics_365_Show_Episode_126_Dani_Kahil.mp3,274,722
MVP_Show_Episode_127_Keith_Whatling.mp3,MVP_Show_Episode_127_Keith_Whatling.mp3,/nz365guy/MVP_Show_Episode_127_Keith_Whatling.mp3,258,550
MVP_Show_Episode_125_Demian_Raschkovan.mp3,MVP_Show_Episode_125_Demian_Raschkovan.mp3,/nz365guy/MVP_Show_Episode_125_Demian_Raschkovan.mp3,232,487
Power_365_Show_Episode_124_Arun_Ulagaratchagan.mp3,Power_365_Show_Episode_124_Arun_Ulagaratchagan.mp3,http://media.blubrry.com/nz365guy/content.blubrry.com/nz365guy/Power_365_Show_Episode_124_Arun_Ulagaratchagan.mp3,268,634
Power_365_Show_Episode_120_Cecilia_Flombaum.mp3,Power_365_Show_Episode_120_Cecilia_Flombaum.mp3,/nz365guy/Power_365_Show_Episode_120_Cecilia_Flombaum.mp3,219,468
Dynamics_365_Episode_122_Andrew_Welch.mp3,Dynamics_365_Episode_122_Andrew_Welch.mp3,/nz365guy/Dynamics_365_Episode_122_Andrew_Welch.mp3,243,618
MVP_Show_Episode_123_James_Novak.mp3,MVP_Show_Episode_123_James_Novak.mp3,http://media.blubrry.com/nz365guy/content.blubrry.com/nz365guy/MVP_Show_Episode_123_James_Novak.mp3,242,483
MVP_Show_Episode_121_Daryl_Labar.mp3,MVP_Show_Episode_121_Daryl_Labar.mp3,/nz365guy/MVP_Show_Episode_121_Daryl_Labar.mp3,214,452
Dynamics_365_Episode_118_Leah_Quartano.mp3,Dynamics_365_Episode_118_Leah_Quartano.mp3,/nz365guy/Dynamics_365_Episode_118_Leah_Quartano.mp3,223,479
MVP_Show_Episode_119_Gustaf_Westerlund.mp3,MVP_Show_Episode_119_Gustaf_Westerlund.mp3,/nz365guy/MVP_Show_Episode_119_Gustaf_Westerlund.mp3,220,464
Power_365_Show_Episode_116_Sameer_Bhangar.mp3,Power_365_Show_Episode_116_Sameer_Bhangar.mp3,/nz365guy/Power_365_Show_Episode_116_Sameer_Bhangar.mp3,242,597
Episode_117_Andrew_Ly.mp3,Episode_117_Andrew_Ly.mp3,/nz365guy/Episode_117_Andrew_Ly.mp3,230,496
Dynamics_365_Episode_114_Dan_Lammot.mp3,Dynamics_365_Episode_114_Dan_Lammot.mp3,/nz365guy/Dynamics_365_Episode_114_Dan_Lammot.mp3,214,537
MVP_Show_Episode_115_Neil_Benson.mp3,MVP_Show_Episode_115_Neil_Benson.mp3,/nz365guy/MVP_Show_Episode_115_Neil_Benson.mp3,208,453
Dynamics_365_-_Episode_114_-_Dan_Lammot.mp3,Dynamics_365_-_Episode_114_-_Dan_Lammot.mp3,http://Dynamics_365_-_Episode_114_-_Dan_Lammot.mp3,1,1
MVP_Show_Episode_113_Mariano_Gomez.mp3,MVP_Show_Episode_113_Mariano_Gomez.mp3,/nz365guy/MVP_Show_Episode_113_Mariano_Gomez.mp3,213,444
MVP_Show_-_Episode_113_-_Mariano_Gomez.mp3,MVP_Show_-_Episode_113_-_Mariano_Gomez.mp3,http://MVP_Show_-_Episode_113_-_Mariano_Gomez.mp3,1,1
Power_365_Show_Episode_111-Steven_Guggenheimer_on_AI_Opportunities_for_Microsoft_ISVs.mp3,Power_365_Show_Episode_111-Steven_Guggenheimer_on_AI_Opportunities_for_Microsoft_ISVs.mp3,/nz365guy/Power_365_Show_Episode_111-Steven_Guggenheimer_on_AI_Opportunities_for_Microsoft_ISVs.mp3,190,465
Power_365_Show_Episode_111_-_Steven_Guggenheimer_on_AI_Opportunities_for_Microsoft_ISVs.mp3,Power_365_Show_Episode_111_-_Steven_Guggenheimer_on_AI_Opportunities_for_Microsoft_ISVs.mp3,http://Power_365_Show_Episode_111_-_Steven_Guggenheimer_on_AI_Opportunities_for_Microsoft_ISVs.mp3,1,1
MVP_show-episode_110-Julien_Miquel.mp3,MVP_show-episode_110-Julien_Miquel.mp3,/nz365guy/MVP_show-episode_110-Julien_Miquel.mp3,199,458
MVP_show_-_episode_110_-_Julien_Miquel.mp3,MVP_show_-_episode_110_-_Julien_Miquel.mp3,http://MVP_show_-_episode_110_-_Julien_Miquel.mp3,1,1
Dynamics_365_Show-Episode_109-Moacyr_Galo_Jr.mp3,Dynamics_365_Show-Episode_109-Moacyr_Galo_Jr.mp3,http://content.blubrry.com/nz365guy/Dynamics_365_Show-Episode_109-Moacyr_Galo_Jr.mp3,190,496
Dynamics_365_Show_-_Episode_109_-_Moacyr_Galo_Jr.mp3,Dynamics_365_Show_-_Episode_109_-_Moacyr_Galo_Jr.mp3,http://Dynamics_365_Show_-_Episode_109_-_Moacyr_Galo_Jr.mp3,3,5
MPV_Show-Episode_108-Daniel_Christian.mp3,MPV_Show-Episode_108-Daniel_Christian.mp3,/nz365guy/MPV_Show-Episode_108-Daniel_Christian.mp3,414,821
_Power_365_Show-Episode_103-Manuela_Pichler.mp3,_Power_365_Show-Episode_103-Manuela_Pichler.mp3,/nz365guy/_Power_365_Show-Episode_103-Manuela_Pichler.mp3,229,521
MVP_Show_Episode_106-Stefano_Tempesta_on_MVP_Show.mp3,MVP_Show_Episode_106-Stefano_Tempesta_on_MVP_Show.mp3,/nz365guy/MVP_Show_Episode_106-Stefano_Tempesta_on_MVP_Show.mp3,184,405
Dynamics_365_Practice_Show_Episode_105_Leading_a_Tech_Community_The_Windows_Insider_Program_with_Dona_Sarkar.mp3,Dynamics_365_Practice_Show_Episode_105_Leading_a_Tech_Community_The_Windows_Insider_Program_with_Dona_Sarkar.mp3,/nz365guy/Dynamics_365_Practice_Show_Episode_105_Leading_a_Tech_Community_The_Windows_Insider_Program_with_Dona_Sarkar.mp3,188,415
MVP_Show_Episode_104-David_Jennaway_on_MVP_Show.mp3,MVP_Show_Episode_104-David_Jennaway_on_MVP_Show.mp3,/nz365guy/MVP_Show_Episode_104-David_Jennaway_on_MVP_Show.mp3,180,395
Power_365_Show_Episode_107-Heidi_Tucker_on_Managing_Relationship_with_Microsoft_and_Changes_in_the_Licensing_Structure.mp3,Power_365_Show_Episode_107-Heidi_Tucker_on_Managing_Relationship_with_Microsoft_and_Changes_in_the_Licensing_Structure.mp3,/nz365guy/Power_365_Show_Episode_107-Heidi_Tucker_on_Managing_Relationship_with_Microsoft_and_Changes_in_the_Licensing_Structure.mp3,186,426
MVP_Show_Episode_102_Andrew_Bibby.mp3,MVP_Show_Episode_102_Andrew_Bibby.mp3,/nz365guy/MVP_Show_Episode_102_Andrew_Bibby.mp3,185,397
Dynamics_365_Practice_Show_Episode_101_Marc_Wolenik_on_Starting_a_Dynamics_Practice_in_2019.mp3,Dynamics_365_Practice_Show_Episode_101_Marc_Wolenik_on_Starting_a_Dynamics_Practice_in_2019.mp3,/nz365guy/Dynamics_365_Practice_Show_Episode_101_Marc_Wolenik_on_Starting_a_Dynamics_Practice_in_2019.mp3,205,521
MVP_Show_Episode_100-April_Dunnam_on_MVP_Show.mp3,MVP_Show_Episode_100-April_Dunnam_on_MVP_Show.mp3,/nz365guy/MVP_Show_Episode_100-April_Dunnam_on_MVP_Show.mp3,190,438
Business_Apps_Podcast_Episode_112_Microsoft_Business_Applications_Summit_2019_What_to_Look_Forward_To_with_Steve_Mordue.mp3,Business_Apps_Podcast_Episode_112_Microsoft_Business_Applications_Summit_2019_What_to_Look_Forward_To_with_Steve_Mordue.mp3,/nz365guy/Business_Apps_Podcast_Episode_112_Microsoft_Business_Applications_Summit_2019_What_to_Look_Forward_To_with_Steve_Mordue.mp3,194,466
Power_365_Show_Episode_99-Deep_Dive_Into_App_Experience_with_Clay_Wesener.mp3,Power_365_Show_Episode_99-Deep_Dive_Into_App_Experience_with_Clay_Wesener.mp3,/nz365guy/Power_365_Show_Episode_99-Deep_Dive_Into_App_Experience_with_Clay_Wesener.mp3,188,477
MVP_Show_Episode_98_Antti_Pajunen.mp3,MVP_Show_Episode_98_Antti_Pajunen.mp3,/nz365guy/MVP_Show_Episode_98_Antti_Pajunen.mp3,170,400
Dynamics_365_Practice_Show_Episode_97_Purvin_Patel_on_Microsoft_MVP_Program_What_It_Really_Is_Changes_and_What_to_Look_Forward_To.mp3,Dynamics_365_Practice_Show_Episode_97_Purvin_Patel_on_Microsoft_MVP_Program_What_It_Really_Is_Changes_and_What_to_Look_Forward_To.mp3,/nz365guy/Dynamics_365_Practice_Show_Episode_97_Purvin_Patel_on_Microsoft_MVP_Program_What_It_Really_Is_Changes_and_What_to_Look_Forward_To.mp3,175,477
Episode_96_Pablo_Peralta_on_MVP_Show.mp3,Episode_96_Pablo_Peralta_on_MVP_Show.mp3,/nz365guy/Episode_96_Pablo_Peralta_on_MVP_Show.mp3,152,332
Power_365_Show_Episode_95-David_Pennington_on_How_to_Become_a_Top_ISV.mp3,Power_365_Show_Episode_95-David_Pennington_on_How_to_Become_a_Top_ISV.mp3,/nz365guy/Power_365_Show_Episode_95-David_Pennington_on_How_to_Become_a_Top_ISV.mp3,163,440
Episode_94_Ahmad_Najjar_on_MVP_Show.mp3,Episode_94_Ahmad_Najjar_on_MVP_Show.mp3,http://media.blubrry.com/nz365guy/content.blubrry.com/nz365guy/Episode_94_Ahmad_Najjar_on_MVP_Show.mp3,144,267
Dynamics_365_Practice_Show_Episode_93_Jason_Ferguson_on_The_Art_of_Writing_a_Successful_Bid_Proposal_and_Nailing_a_Killer_Demo.mp3,Dynamics_365_Practice_Show_Episode_93_Jason_Ferguson_on_The_Art_of_Writing_a_Successful_Bid_Proposal_and_Nailing_a_Killer_Demo.mp3,http://Dynamics_365_Practice_Show_Episode_93_Jason_Ferguson_on_The_Art_of_Writing_a_Successful_Bid_Proposal_and_Nailing_a_Killer_Demo.mp3,305,345
MVP_Show_Episode_92-Matthieu_Megaly.mp3,MVP_Show_Episode_92-Matthieu_Megaly.mp3,http://content.blubrry.com/nz365guy/MVP_Show_Episode_92-Matthieu_Megaly.mp3,251,352
Power_365_Show_Episode_91_Smith_Codio_on_Industry_Accelerators_from_Microsoft_s_POV.mp3,Power_365_Show_Episode_91_Smith_Codio_on_Industry_Accelerators_from_Microsoft_s_POV.mp3,http://content.blubrry.com/nz365guy/Power_365_Show_Episode_91_Smith_Codio_on_Industry_Accelerators_from_Microsoft_s_POV.mp3,264,379
MVP_Show_Episode_90_Marco_Amoedo.mp3,MVP_Show_Episode_90_Marco_Amoedo.mp3,http://content.blubrry.com/nz365guy/MVP_Show_Episode_90_Marco_Amoedo.mp3,198,442
Dynamics_365_Practice_Show_Episode_89_A_Deeper_Look_into_the_Microsoft_Partner_Ecosystem.mp3,Dynamics_365_Practice_Show_Episode_89_A_Deeper_Look_into_the_Microsoft_Partner_Ecosystem.mp3,http://content.blubrry.com/nz365guy/Dynamics_365_Practice_Show_Episode_89_A_Deeper_Look_into_the_Microsoft_Partner_Ecosystem.mp3,339,409
MVP_Show_Episode_88_Sandy_Ussia.mp3,MVP_Show_Episode_88_Sandy_Ussia.mp3,http://content.blubrry.com/nz365guy/MVP_Show_Episode_88_Sandy_Ussia.mp3,266,302
Walter_Sun_on_the_Power_365_Show.mp3,Walter_Sun_on_the_Power_365_Show.mp3,http://content.blubrry.com/nz365guy/Walter_Sun_on_the_Power_365_Show.mp3,345,398
MVP_Show_Episode_86_Jonas_Rapp.mp3,MVP_Show_Episode_86_Jonas_Rapp.mp3,http://content.blubrry.com/nz365guy/MVP_Show_Episode_86_Jonas_Rapp.mp3,280,319
Dynamics_365-Anil_Shah_Art_Fromm.mp3,Dynamics_365-Anil_Shah_Art_Fromm.mp3,http://content.blubrry.com/nz365guy/Dynamics_365-Anil_Shah_Art_Fromm.mp3,212,251
MVP_Show_Episode_84_Jaromir_Sponar.mp3,MVP_Show_Episode_84_Jaromir_Sponar.mp3,http://content.blubrry.com/nz365guy/MVP_Show_Episode_84_Jaromir_Sponar.mp3,256,289
Ed_Grant_on_the_Power_365_Show.mp3,Ed_Grant_on_the_Power_365_Show.mp3,http://content.blubrry.com/nz365guy/Ed_Grant_on_the_Power_365_Show.mp3,277,308
Episode_82_Guido_Preite_on_MVP_Show.mp3,Episode_82_Guido_Preite_on_MVP_Show.mp3,http://content.blubrry.com/nz365guy/Episode_82_Guido_Preite_on_MVP_Show.mp3,267,299
Dynamics_365_Practice_Show_Episode_81_Shane_Parsons_on_Winning_Teams_and_Its_Importance_in_Today_s_Market.mp3,Dynamics_365_Practice_Show_Episode_81_Shane_Parsons_on_Winning_Teams_and_Its_Importance_in_Today_s_Market.mp3,http://content.blubrry.com/nz365guy/Dynamics_365_Practice_Show_Episode_81_Shane_Parsons_on_Winning_Teams_and_Its_Importance_in_Today_s_Market.mp3,263,320
MVP_Show_Episode_80_Elaiza_Benitez.mp3,MVP_Show_Episode_80_Elaiza_Benitez.mp3,http://content.blubrry.com/nz365guy/MVP_Show_Episode_80_Elaiza_Benitez.mp3,298,354
Alistair_Dickinson_on_the_Power_365_Show.mp3,Alistair_Dickinson_on_the_Power_365_Show.mp3,http://content.blubrry.com/nz365guy/Alistair_Dickinson_on_the_Power_365_Show.mp3,265,299
MVP_Show_Episode_78_Deepesh_Somani.mp3,MVP_Show_Episode_78_Deepesh_Somani.mp3,http://content.blubrry.com/nz365guy/MVP_Show_Episode_78_Deepesh_Somani.mp3,328,390
Dynamics_365_Practice_Show_Episode_77_Carissa_Allen_on_Microsoft_Business_Application_Partner_Ecosystem.mp3,Dynamics_365_Practice_Show_Episode_77_Carissa_Allen_on_Microsoft_Business_Application_Partner_Ecosystem.mp3,http://content.blubrry.com/nz365guy/Dynamics_365_Practice_Show_Episode_77_Carissa_Allen_on_Microsoft_Business_Application_Partner_Ecosystem.mp3,243,278
Episode_76_Nadeeja_Bomiriya.mp3,Episode_76_Nadeeja_Bomiriya.mp3,http://content.blubrry.com/nz365guy/Episode_76_Nadeeja_Bomiriya.mp3,282,317
Charles_Lamanna_on_the_Power_365_show.mp3,Charles_Lamanna_on_the_Power_365_show.mp3,http://media.blubrry.com/nz365guy/content.blubrry.com/nz365guy/Charles_Lamanna_on_the_Power_365_show.mp3,633,771
MVP_Show_Episode_73_Rick_McCutcheon.mp3,MVP_Show_Episode_73_Rick_McCutcheon.mp3,http://content.blubrry.com/nz365guy/MVP_Show_Episode_73_Rick_McCutcheon.mp3,253,280
MVP_Show_Episode_71_Debajit_Dutta.mp3,MVP_Show_Episode_71_Debajit_Dutta.mp3,http://media.blubrry.com/nz365guy/content.blubrry.com/nz365guy/MVP_Show_Episode_71_Debajit_Dutta.mp3,243,281
Ryan_Cunningham_on_the_Power_365_Show.mp3,Ryan_Cunningham_on_the_Power_365_Show.mp3,http://content.blubrry.com/nz365guy/Ryan_Cunningham_on_the_Power_365_Show.mp3,261,298
MVP_Show_Episode_69_Clement_Olivier.mp3,MVP_Show_Episode_69_Clement_Olivier.mp3,http://content.blubrry.com/nz365guy/MVP_Show_Episode_69_Clement_Olivier.mp3,208,228
Dynamics_365_Practice_Show_Episode_70_Dave_Newman.mp3,Dynamics_365_Practice_Show_Episode_70_Dave_Newman.mp3,http://content.blubrry.com/nz365guy/Dynamics_365_Practice_Show_Episode_70_Dave_Newman.mp3,154,179
Dynamics_365_Practice_Show_Episode_74_Nick_Spallitta.mp3,Dynamics_365_Practice_Show_Episode_74_Nick_Spallitta.mp3,http://Dynamics_365_Practice_Show_Episode_74_Nick_Spallitta.mp3,247,280
MVP_Show_Episode_67_Kyle_Hill.mp3,MVP_Show_Episode_67_Kyle_Hill.mp3,http://media.blubrry.com/nz365guy/content.blubrry.com/nz365guy/MVP_Show_Episode_67_Kyle_Hill.mp3,228,254
Reuben_Krippner_on_the_Power_365_Show.mp3,Reuben_Krippner_on_the_Power_365_Show.mp3,http://media.blubrry.com/nz365guy/content.blubrry.com/nz365guy/Reuben_Krippner_on_the_Power_365_Show.mp3,418,477
Dynamics_365_Practice_Show_Episode_66_Matthew_Anderson.mp3,Dynamics_365_Practice_Show_Episode_66_Matthew_Anderson.mp3,http://content.blubrry.com/nz365guy/Dynamics_365_Practice_Show_Episode_66_Matthew_Anderson.mp3,169,196
MVP_Show_Episode_63_Melissa_Hubbard.mp3,MVP_Show_Episode_63_Melissa_Hubbard.mp3,http://content.blubrry.com/nz365guy/MVP_Show_Episode_63_Melissa_Hubbard.mp3,207,230
MVP_Show_Episode_65_Rachel_Profitt.mp3,MVP_Show_Episode_65_Rachel_Profitt.mp3,http://media.blubrry.com/nz365guy/content.blubrry.com/nz365guy/MVP_Show_Episode_65_Rachel_Profitt.mp3,185,203
Ryan_Jones_on_the_Power_365_Show.mp3,Ryan_Jones_on_the_Power_365_Show.mp3,http://content.blubrry.com/nz365guy/Ryan_Jones_on_the_Power_365_Show.mp3,290,336
MVP_Show_Episode_61_Neil_Parkhurst.mp3,MVP_Show_Episode_61_Neil_Parkhurst.mp3,http://media.blubrry.com/nz365guy/content.blubrry.com/nz365guy/MVP_Show_Episode_61_Neil_Parkhurst.mp3,208,234
Episode_62_Done.mp3,Episode_62_Done.mp3,http://Episode_62_Done.mp3,154,181
Dynamics_365_Practice_Show_Episode_62_Brian_Galicia_on_LinkedIn_Sales_Navigator_Enhancements_in_D365_for_Sales.mp3,Dynamics_365_Practice_Show_Episode_62_Brian_Galicia_on_LinkedIn_Sales_Navigator_Enhancements_in_D365_for_Sales.mp3,http://content.blubrry.com/nz365guy/Dynamics_365_Practice_Show_Episode_62_Brian_Galicia_on_LinkedIn_Sales_Navigator_Enhancements_in_D365_for_Sales.mp3,2,2
Dynamics_365_Practice_Show_Episode_62_Brian_Galicia_LinkedIn_Sales_Navigator_Enhancements_in_D365_for_Sales_.mp3,Dynamics_365_Practice_Show_Episode_62_Brian_Galicia_LinkedIn_Sales_Navigator_Enhancements_in_D365_for_Sales_.mp3,http://media.blubrry.com/nz365guy/content.blubrry.com/nz365guy/Dynamics_365_Practice_Show_Episode_62_Brian_Galicia_LinkedIn_Sales_Navigator_Enhancements_in_D365_for_Sales_.mp3,217,239
Stephen_Siciliano_on_the_Power_365_Show.mp3,Stephen_Siciliano_on_the_Power_365_Show.mp3,http://content.blubrry.com/nz365guy/Stephen_Siciliano_on_the_Power_365_Show.mp3,294,349
MVP_Show_Episode_57_Nishant_Rana.mp3,MVP_Show_Episode_57_Nishant_Rana.mp3,http://content.blubrry.com/nz365guy/MVP_Show_Episode_57_Nishant_Rana.mp3,215,248
Dynamics_365_Practice_Show_Episode_58_Mike_Dickerson_ISVs_and_growing_with_Dynamics_365.mp3,Dynamics_365_Practice_Show_Episode_58_Mike_Dickerson_ISVs_and_growing_with_Dynamics_365.mp3,http://media.blubrry.com/nz365guy/content.blubrry.com/nz365guy/Dynamics_365_Practice_Show_Episode_58_Mike_Dickerson_ISVs_and_growing_with_Dynamics_365.mp3,167,198
MVP_Show_Episode_59_Andre_Margono.mp3,MVP_Show_Episode_59_Andre_Margono.mp3,http://media.blubrry.com/nz365guy/content.blubrry.com/nz365guy/MVP_Show_Episode_59_Andre_Margono.mp3,156,172
MVP_Show_Episode_55_Tanguy_Touzard.mp3,MVP_Show_Episode_55_Tanguy_Touzard.mp3,http://content.blubrry.com/nz365guy/MVP_Show_Episode_55_Tanguy_Touzard.mp3,177,212
Christian_Ternek_on_the_Power_365_Show.mp3,Christian_Ternek_on_the_Power_365_Show.mp3,http://content.blubrry.com/nz365guy/Christian_Ternek_on_the_Power_365_Show.mp3,182,222
Dynamics_365_Practice_Show_Episode_54_Nicholas_Hayduk_Dynamics_Portals.mp3,Dynamics_365_Practice_Show_Episode_54_Nicholas_Hayduk_Dynamics_Portals.mp3,http://content.blubrry.com/nz365guy/Dynamics_365_Practice_Show_Episode_54_Nicholas_Hayduk_Dynamics_Portals.mp3,125,139
MVP_Show_Episode_53_Michael_Ochs.mp3,MVP_Show_Episode_53_Michael_Ochs.mp3,http://content.blubrry.com/nz365guy/MVP_Show_Episode_53_Michael_Ochs.mp3,154,178
Chris_Huntingford_on_the_Power_365_Show.mp3,Chris_Huntingford_on_the_Power_365_Show.mp3,http://Chris_Huntingford_on_the_Power_365_Show.mp3,222,275
MVP_Show_Episode_51_Scott_Le_Fante.mp3,MVP_Show_Episode_51_Scott_Le_Fante.mp3,http://content.blubrry.com/nz365guy/MVP_Show_Episode_51_Scott_Le_Fante.mp3,159,194
Dynamics_365_Practice_Show_Episode_50_Jim_Daley_Josh_Burgess_Microsoft_Dynamics_365_Documentation.mp3,Dynamics_365_Practice_Show_Episode_50_Jim_Daley_Josh_Burgess_Microsoft_Dynamics_365_Documentation.mp3,http://content.blubrry.com/nz365guy/Dynamics_365_Practice_Show_Episode_50_Jim_Daley_Josh_Burgess_Microsoft_Dynamics_365_Documentation.mp3,137,169
MVP_Show_Episode_49-Natraj_Yegnaraman.mp3,MVP_Show_Episode_49-Natraj_Yegnaraman.mp3,http://content.blubrry.com/nz365guy/MVP_Show_Episode_49-Natraj_Yegnaraman.mp3,129,150
Purvin_Patel_on_the_Power_365_Show_Podcast.mp3,Purvin_Patel_on_the_Power_365_Show_Podcast.mp3,http://Purvin_Patel_on_the_Power_365_Show_Podcast.mp3,209,250
MVP_Show_Episode_47_Ramon_Tebar.mp3,MVP_Show_Episode_47_Ramon_Tebar.mp3,http://content.blubrry.com/nz365guy/MVP_Show_Episode_47_Ramon_Tebar.mp3,133,159
Dynamics_365_Practice_Show_Episode_46_David_Kohar_Dynamics_Business_Practice.mp3,Dynamics_365_Practice_Show_Episode_46_David_Kohar_Dynamics_Business_Practice.mp3,http://content.blubrry.com/nz365guy/Dynamics_365_Practice_Show_Episode_46_David_Kohar_Dynamics_Business_Practice.mp3,121,150
MVP_Show_Episode_45_Sarah_Critchley.mp3,MVP_Show_Episode_45_Sarah_Critchley.mp3,http://media.blubrry.com/nz365guy/content.blubrry.com/nz365guy/MVP_Show_Episode_45_Sarah_Critchley.mp3,149,184
MVP_Show_Episode_44_Marco_Farina.mp3,MVP_Show_Episode_44_Marco_Farina.mp3,http://content.blubrry.com/nz365guy/MVP_Show_Episode_44_Marco_Farina.mp3,123,146
Dynamics_365_Practice_Show_Episode_43_Josh_Burgess_ISV_Opportunities.mp3,Dynamics_365_Practice_Show_Episode_43_Josh_Burgess_ISV_Opportunities.mp3,http://content.blubrry.com/nz365guy/Dynamics_365_Practice_Show_Episode_43_Josh_Burgess_ISV_Opportunities.mp3,118,146
MVP_Show_Episode_42_Feridun_Kadir.mp3,MVP_Show_Episode_42_Feridun_Kadir.mp3,http://content.blubrry.com/nz365guy/MVP_Show_Episode_42_Feridun_Kadir.mp3,97,112
MVP_Show_Episode_41_Jerry_Weinstock.mp3,MVP_Show_Episode_41_Jerry_Weinstock.mp3,http://content.blubrry.com/nz365guy/MVP_Show_Episode_41_Jerry_Weinstock.mp3,102,110
Dynamics_365_Practice_Show_Episode_40_Global_Black_Belt_Scott_Sewell.mp3,Dynamics_365_Practice_Show_Episode_40_Global_Black_Belt_Scott_Sewell.mp3,http://content.blubrry.com/nz365guy/Dynamics_365_Practice_Show_Episode_40_Global_Black_Belt_Scott_Sewell.mp3,283,373
Episode_39-Julie_Yack.mp3,Episode_39-Julie_Yack.mp3,http://content.blubrry.com/nz365guy/Episode_39-Julie_Yack.mp3,101,121
Episode_38-Sarah_Jelinek.mp3,Episode_38-Sarah_Jelinek.mp3,http://content.blubrry.com/nz365guy/Episode_38-Sarah_Jelinek.mp3,99,119
Dynamics_365_Practice_Show_Episode_37_Killer_Demo_s_and_Presales_Patrick_Kitchell.mp3,Dynamics_365_Practice_Show_Episode_37_Killer_Demo_s_and_Presales_Patrick_Kitchell.mp3,http://content.blubrry.com/nz365guy/Dynamics_365_Practice_Show_Episode_37_Killer_Demo_s_and_Presales_Patrick_Kitchell.mp3,116,147
MVP_Show_Episode_36_Steve_Mordue.mp3,MVP_Show_Episode_36_Steve_Mordue.mp3,http://content.blubrry.com/nz365guy/MVP_Show_Episode_36_Steve_Mordue.mp3,97,113
MVP_Show_Episode_35_George_Doubinski.mp3,MVP_Show_Episode_35_George_Doubinski.mp3,http://media.blubrry.com/nz365guy/content.blubrry.com/nz365guy/MVP_Show_Episode_35_George_Doubinski.mp3,100,123
Dynamics_365_Practice_Show_Episode_34_Dynamics_365_and_Adobe_Marketing_Chuck_Ingram.mp3,Dynamics_365_Practice_Show_Episode_34_Dynamics_365_and_Adobe_Marketing_Chuck_Ingram.mp3,http://content.blubrry.com/nz365guy/Dynamics_365_Practice_Show_Episode_34_Dynamics_365_and_Adobe_Marketing_Chuck_Ingram.mp3,93,116
MVP_Show_Episode_33_Nick_Doelman.mp3,MVP_Show_Episode_33_Nick_Doelman.mp3,http://content.blubrry.com/nz365guy/MVP_Show_Episode_33_Nick_Doelman.mp3,104,126
MVP_Show_Episode_32_Larry_Lentz.mp3,MVP_Show_Episode_32_Larry_Lentz.mp3,http://content.blubrry.com/nz365guy/MVP_Show_Episode_32_Larry_Lentz.mp3,108,125
Dynamics_365_Practice_Show_Episode_31_Training_Resources_available_for_LinkedIn_Learning_for_Microsoft_Partners_Doug_Winnie.mp3,Dynamics_365_Practice_Show_Episode_31_Training_Resources_available_for_LinkedIn_Learning_for_Microsoft_Partners_Doug_Winnie.mp3,http://content.blubrry.com/nz365guy/Dynamics_365_Practice_Show_Episode_31_Training_Resources_available_for_LinkedIn_Learning_for_Microsoft_Partners_Doug_Winnie.mp3,99,123
MVP_Show_Episode_30_Giorgio_Garcia_Agreda.mp3,MVP_Show_Episode_30_Giorgio_Garcia_Agreda.mp3,http://content.blubrry.com/nz365guy/MVP_Show_Episode_30_Giorgio_Garcia_Agreda.mp3,95,108
MVP_Show_Episode_29_Matt_Wittemann.mp3,MVP_Show_Episode_29_Matt_Wittemann.mp3,http://MVP_Show_Episode_29_Matt_Wittemann.mp3,97,121
Dynamics_365_Practice_Show_Episode_28_Dan_Hesketh_Getting_on_AppSource_part_2_1_.mp3,Dynamics_365_Practice_Show_Episode_28_Dan_Hesketh_Getting_on_AppSource_part_2_1_.mp3,http://content.blubrry.com/nz365guy/Dynamics_365_Practice_Show_Episode_28_Dan_Hesketh_Getting_on_AppSource_part_2_1_.mp3,87,107
Dynamics_365_Practice_Show_Episode_27_Tabetha_Sheaver_User_Adoption_and_Change_Management.mp3,Dynamics_365_Practice_Show_Episode_27_Tabetha_Sheaver_User_Adoption_and_Change_Management.mp3,http://media.blubrry.com/nz365guy/content.blubrry.com/nz365guy/Dynamics_365_Practice_Show_Episode_27_Tabetha_Sheaver_User_Adoption_and_Change_Management.mp3,132,158
Dynamics_365_Practice_Show_Episode_26_Suzanne_Putt_Dynamics_Training_Opportunities_for_Partners_in_2019_1_.mp3,Dynamics_365_Practice_Show_Episode_26_Suzanne_Putt_Dynamics_Training_Opportunities_for_Partners_in_2019_1_.mp3,http://content.blubrry.com/nz365guy/Dynamics_365_Practice_Show_Episode_26_Suzanne_Putt_Dynamics_Training_Opportunities_for_Partners_in_2019_1_.mp3,122,153
Dynamics_365_Practice_Show_Episode_25_Ken_Farmer_Starting_a_Dynamics_365_Consulting_Business.mp3,Dynamics_365_Practice_Show_Episode_25_Ken_Farmer_Starting_a_Dynamics_365_Consulting_Business.mp3,http://content.blubrry.com/nz365guy/Dynamics_365_Practice_Show_Episode_25_Ken_Farmer_Starting_a_Dynamics_365_Consulting_Business.mp3,209,270
Dynamics_365_Practice_Show_Episode_24_Daniel_Hesketh_Getting_on_AppSource.mp3,Dynamics_365_Practice_Show_Episode_24_Daniel_Hesketh_Getting_on_AppSource.mp3,http://content.blubrry.com/nz365guy/Dynamics_365_Practice_Show_Episode_24_Daniel_Hesketh_Getting_on_AppSource.mp3,128,150
Dynamics_365_Practice_Show-Episode_23-Britta_Rekstad-The_Dynamics_Skill_Gap_How_to_Solve_it_.mp3,Dynamics_365_Practice_Show-Episode_23-Britta_Rekstad-The_Dynamics_Skill_Gap_How_to_Solve_it_.mp3,http://content.blubrry.com/nz365guy/Dynamics_365_Practice_Show-Episode_23-Britta_Rekstad-The_Dynamics_Skill_Gap_How_to_Solve_it_.mp3,167,240
Dynamics_365_Practice_Show-Episode_22_Elaiza_Benitez-Dynamics_Pay_it_Forward_.mp3,Dynamics_365_Practice_Show-Episode_22_Elaiza_Benitez-Dynamics_Pay_it_Forward_.mp3,http://content.blubrry.com/nz365guy/Dynamics_365_Practice_Show-Episode_22_Elaiza_Benitez-Dynamics_Pay_it_Forward_.mp3,90,112
Dynamics_365_Practice_Show-Episode_21_Skylar_Macromallis-From_Grad_to_Dynamics_365_Consultant.mp3,Dynamics_365_Practice_Show-Episode_21_Skylar_Macromallis-From_Grad_to_Dynamics_365_Consultant.mp3,http://content.blubrry.com/nz365guy/Dynamics_365_Practice_Show-Episode_21_Skylar_Macromallis-From_Grad_to_Dynamics_365_Consultant.mp3,106,138
Episode_20_Done.mp3,Episode_20_Done.mp3,http://content.blubrry.com/nz365guy/Episode_20_Done.mp3,121,155
Dynamics_365_Practice_Owner-Jerry_Weinstock.mp3,Dynamics_365_Practice_Owner-Jerry_Weinstock.mp3,http://content.blubrry.com/nz365guy/Dynamics_365_Practice_Owner-Jerry_Weinstock.mp3,52,57
Dynamics_365_Practice_Podcast-Episode_5-The_Dynamics_365_Customer_with_Steve_Scarbrough.mp3,Dynamics_365_Practice_Podcast-Episode_5-The_Dynamics_365_Customer_with_Steve_Scarbrough.mp3,http://content.blubrry.com/nz365guy/Dynamics_365_Practice_Podcast-Episode_5-The_Dynamics_365_Customer_with_Steve_Scarbrough.mp3,63,78
Dynamics_365_People_with_Heather_Hall.mp3,Dynamics_365_People_with_Heather_Hall.mp3,http://content.blubrry.com/nz365guy/Dynamics_365_People_with_Heather_Hall.mp3,49,56
Dynamics_365_Practice_Podcast-Episode_11_Dynamics_365_Product_Ownership_with_Marica_S_derstam.mp3,Dynamics_365_Practice_Podcast-Episode_11_Dynamics_365_Product_Ownership_with_Marica_S_derstam.mp3,http://content.blubrry.com/nz365guy/Dynamics_365_Practice_Podcast-Episode_11_Dynamics_365_Product_Ownership_with_Marica_S_derstam.mp3,49,55
The_Dynamics_ISV_with_John_Gravely.mp3,The_Dynamics_ISV_with_John_Gravely.mp3,http://content.blubrry.com/nz365guy/The_Dynamics_ISV_with_John_Gravely.mp3,59,69
Dynamics_365_Practice_Podcast-Episode_4-Partnering_with_Microsoft_with_Ben_Vollmer.mp3,Dynamics_365_Practice_Podcast-Episode_4-Partnering_with_Microsoft_with_Ben_Vollmer.mp3,http://content.blubrry.com/nz365guy/Dynamics_365_Practice_Podcast-Episode_4-Partnering_with_Microsoft_with_Ben_Vollmer.mp3,62,73
Dynamics_365_Implementation_Methodologies_with_Neil_Benson.mp3,Dynamics_365_Implementation_Methodologies_with_Neil_Benson.mp3,http://content.blubrry.com/nz365guy/Dynamics_365_Implementation_Methodologies_with_Neil_Benson.mp3,121,150
Dynamics_365_Practice_Podcast-Episode_10_Dynamics_365_Adoption_with_Gretchen_Opferkew.mp3,Dynamics_365_Practice_Podcast-Episode_10_Dynamics_365_Adoption_with_Gretchen_Opferkew.mp3,http://content.blubrry.com/nz365guy/Dynamics_365_Practice_Podcast-Episode_10_Dynamics_365_Adoption_with_Gretchen_Opferkew.mp3,69,82
Dynamics_365_Practice_Podcast-Episode_3-People_The_Dynamics_Team_with_Jim_Sheehan.mp3,Dynamics_365_Practice_Podcast-Episode_3-People_The_Dynamics_Team_with_Jim_Sheehan.mp3,http://content.blubrry.com/nz365guy/Dynamics_365_Practice_Podcast-Episode_3-People_The_Dynamics_Team_with_Jim_Sheehan.mp3,80,98
Dynamics_365_Practice_Podcast-Episode_12_Digital_Transformation_with_Scott_Ward_Part1_.mp3,Dynamics_365_Practice_Podcast-Episode_12_Digital_Transformation_with_Scott_Ward_Part1_.mp3,http://content.blubrry.com/nz365guy/Dynamics_365_Practice_Podcast-Episode_12_Digital_Transformation_with_Scott_Ward_Part1_.mp3,85,111
Dynamics_365_Practice_Podcast-Episode_15_GDPR_and_Dynamics_365_with_Mohamed_Mostafa.mp3,Dynamics_365_Practice_Podcast-Episode_15_GDPR_and_Dynamics_365_with_Mohamed_Mostafa.mp3,http://content.blubrry.com/nz365guy/Dynamics_365_Practice_Podcast-Episode_15_GDPR_and_Dynamics_365_with_Mohamed_Mostafa.mp3,73,88
Dynamics_365_Practice_Podcast-Episode_14_Microsoft_Business_Applications_with_James_Phillips.mp3,Dynamics_365_Practice_Podcast-Episode_14_Microsoft_Business_Applications_with_James_Phillips.mp3,http://content.blubrry.com/nz365guy/Dynamics_365_Practice_Podcast-Episode_14_Microsoft_Business_Applications_with_James_Phillips.mp3,94,113
Dynamics_365_Practice_Podcast-Episode_17_Presales_and_Dynamics_365_Practice_Growth_with_Koen_Van_de_Vyver.mp3,Dynamics_365_Practice_Podcast-Episode_17_Presales_and_Dynamics_365_Practice_Growth_with_Koen_Van_de_Vyver.mp3,http://content.blubrry.com/nz365guy/Dynamics_365_Practice_Podcast-Episode_17_Presales_and_Dynamics_365_Practice_Growth_with_Koen_Van_de_Vyver.mp3,81,92
Dynamics_365_Practice_Podcast-Episode_13_Digital_Transformation_with_Scott_Ward_Part_2_.mp3,Dynamics_365_Practice_Podcast-Episode_13_Digital_Transformation_with_Scott_Ward_Part_2_.mp3,http://content.blubrry.com/nz365guy/Dynamics_365_Practice_Podcast-Episode_13_Digital_Transformation_with_Scott_Ward_Part_2_.mp3,69,84
Dynamics_365_Practice_Show-Episode_18_Clarissa_Simpson-Microsoft_Dynamics_CRM_Administrator_at_Ford.mp3,Dynamics_365_Practice_Show-Episode_18_Clarissa_Simpson-Microsoft_Dynamics_CRM_Administrator_at_Ford.mp3,http://content.blubrry.com/nz365guy/Dynamics_365_Practice_Show-Episode_18_Clarissa_Simpson-Microsoft_Dynamics_CRM_Administrator_at_Ford.mp3,61,75
Dynamics_365_Practice_Podcast-Episode_16_Sales_in_the_Dynamics_365_Practice_with_Brock_Sperryn.mp3,Dynamics_365_Practice_Podcast-Episode_16_Sales_in_the_Dynamics_365_Practice_with_Brock_Sperryn.mp3,http://content.blubrry.com/nz365guy/Dynamics_365_Practice_Podcast-Episode_16_Sales_in_the_Dynamics_365_Practice_with_Brock_Sperryn.mp3,68,79
Dynamics_365_Practice_Podcast-Episode_2-The_Customer_with_Chuck_Ingram.mp3,Dynamics_365_Practice_Podcast-Episode_2-The_Customer_with_Chuck_Ingram.mp3,http://content.blubrry.com/nz365guy/Dynamics_365_Practice_Podcast-Episode_2-The_Customer_with_Chuck_Ingram.mp3,81,91
Episode_1_Dynamics_Practice_Podcast_Final.mp3,Episode_1_Dynamics_Practice_Podcast_Final.mp3,http://content.blubrry.com/nz365guy/Episode_1_Dynamics_Practice_Podcast_Final.mp3,96,116
343691040-nz365guy-people-the-dynamics-team-with-jim-sheehan-1.mp3,343691040-nz365guy-people-the-dynamics-team-with-jim-sheehan-1.mp3,http://feeds.soundcloud.com/stream/343691040-nz365guy-people-the-dynamics-team-with-jim-sheehan-1.mp3,1,1
Dynamics_365_Practice_Show-Episode_19_Heather_Hall-Recruiting_Leadership_in_the_Dynamics_Practice.mp3,Dynamics_365_Practice_Show-Episode_19_Heather_Hall-Recruiting_Leadership_in_the_Dynamics_Practice.mp3,http://content.blubrry.com/nz365guy/Dynamics_365_Practice_Show-Episode_19_Heather_Hall-Recruiting_Leadership_in_the_Dynamics_Practice.mp3,109,141
